################################# Renamer Log ##################################
# File : 397 files
# Time : Sun, 09 Dec 2012 19:05:26
################################################################################

appointment-soon.svg.png is converted to appointment-soon.png
apport.svg.png is converted to apport.png
aptdaemon-add.svg.png is converted to aptdaemon-add.png
aptdaemon-cleanup.svg.png is converted to aptdaemon-cleanup.png
aptdaemon-delete.svg.png is converted to aptdaemon-delete.png
aptdaemon-download.svg.png is converted to aptdaemon-download.png
aptdaemon-resolve.svg.png is converted to aptdaemon-resolve.png
aptdaemon-update-cache.svg.png is converted to aptdaemon-update-cache.png
aptdaemon-upgrade.svg.png is converted to aptdaemon-upgrade.png
aptdaemon-wait.svg.png is converted to aptdaemon-wait.png
aptdaemon-working.svg.png is converted to aptdaemon-working.png
audio-volume-high.svg.png is converted to audio-volume-high.png
audio-volume-high-panel.svg.png is converted to audio-volume-high-panel.png
audio-volume-high-symbolic.svg.png is converted to audio-volume-high-symbolic.png
audio-volume-low.svg.png is converted to audio-volume-low.png
audio-volume-low-panel.svg.png is converted to audio-volume-low-panel.png
audio-volume-low-symbolic.svg.png is converted to audio-volume-low-symbolic.png
audio-volume-low-zero-panel.svg.png is converted to audio-volume-low-zero-panel.png
audio-volume-medium.svg.png is converted to audio-volume-medium.png
audio-volume-medium-panel.svg.png is converted to audio-volume-medium-panel.png
audio-volume-medium-symbolic.svg.png is converted to audio-volume-medium-symbolic.png
audio-volume-muted.svg.png is converted to audio-volume-muted.png
audio-volume-muted-blocked-panel.svg.png is converted to audio-volume-muted-blocked-panel.png
audio-volume-muted-blocking-panel.svg.png is converted to audio-volume-muted-blocking-panel.png
audio-volume-muted-panel.svg.png is converted to audio-volume-muted-panel.png
audio-volume-muted-symbolic.svg.png is converted to audio-volume-muted-symbolic.png
audio-volume-off.svg.png is converted to audio-volume-off.png
audio-volume-zero-panel.svg.png is converted to audio-volume-zero-panel.png
avatar-default-symbolic.svg.png is converted to avatar-default-symbolic.png
battery-000.svg.png is converted to battery-000.png
battery_caution.svg.png is converted to battery_caution.png
battery-caution-charging-symbolic.svg.png is converted to battery-caution-charging-symbolic.png
battery-caution-symbolic.svg.png is converted to battery-caution-symbolic.png
battery_charged.svg.png is converted to battery_charged.png
battery_empty.svg.png is converted to battery_empty.png
battery-empty-charging-symbolic.svg.png is converted to battery-empty-charging-symbolic.png
battery-empty-symbolic.svg.png is converted to battery-empty-symbolic.png
battery_full.svg.png is converted to battery_full.png
battery-full-charged-symbolic.svg.png is converted to battery-full-charged-symbolic.png
battery-full-charging-symbolic.svg.png is converted to battery-full-charging-symbolic.png
battery-full-symbolic.svg.png is converted to battery-full-symbolic.png
battery-good-charging-symbolic.svg.png is converted to battery-good-charging-symbolic.png
battery-good-symbolic.svg.png is converted to battery-good-symbolic.png
battery_low.svg.png is converted to battery_low.png
battery-low-charging-symbolic.svg.png is converted to battery-low-charging-symbolic.png
battery-low-symbolic.svg.png is converted to battery-low-symbolic.png
battery-missing-symbolic.svg.png is converted to battery-missing-symbolic.png
battery_plugged.svg.png is converted to battery_plugged.png
battery_third_fouth.svg.png is converted to battery_third_fouth.png
battery_two_thirds.svg.png is converted to battery_two_thirds.png
bluetooth-active-symbolic.svg.png is converted to bluetooth-active-symbolic.png
bluetooth-disabled-symbolic.svg.png is converted to bluetooth-disabled-symbolic.png
changes-allow-symbolic.svg.png is converted to changes-allow-symbolic.png
changes-prevent-symbolic.svg.png is converted to changes-prevent-symbolic.png
connect_creating.svg.png is converted to connect_creating.png
connect_established.svg.png is converted to connect_established.png
connect_no.svg.png is converted to connect_no.png
dialog-error.svg.png is converted to dialog-error.png
dialog-error-symbolic.svg.png is converted to dialog-error-symbolic.png
dialog-info.svg.png is converted to dialog-info.png
dialog-information.svg.png is converted to dialog-information.png
dialog-information-symbolic.svg.png is converted to dialog-information-symbolic.png
dialog-password.svg.png is converted to dialog-password.png
dialog-password-symbolic.svg.png is converted to dialog-password-symbolic.png
dialog-question.svg.png is converted to dialog-question.png
dialog-question-symbolic.svg.png is converted to dialog-question-symbolic.png
dialog-warning.svg.png is converted to dialog-warning.png
dialog-warning-symbolic.svg.png is converted to dialog-warning-symbolic.png
display-brightness-symbolic.svg.png is converted to display-brightness-symbolic.png
edittrash.svg.png is converted to edittrash.png
error.svg.png is converted to error.png
glipper.svg.png is converted to glipper.png
glippy-panel.svg.png is converted to glippy-panel.png
gmp-ups-missing.svg.png is converted to gmp-ups-missing.png
gnome-fs-trash-full.svg.png is converted to gnome-fs-trash-full.png
gnome-netstatus-0-24.svg.png is converted to gnome-netstatus-0-24.png
gnome-netstatus-25-49.svg.png is converted to gnome-netstatus-25-49.png
gnome-netstatus-50-74.svg.png is converted to gnome-netstatus-50-74.png
gnome-netstatus-75-100.svg.png is converted to gnome-netstatus-75-100.png
gnome-netstatus-disconn.svg.png is converted to gnome-netstatus-disconn.png
gnome-netstatus-error.svg.png is converted to gnome-netstatus-error.png
gnome-netstatus-idle.svg.png is converted to gnome-netstatus-idle.png
gnome-netstatus-rx.svg.png is converted to gnome-netstatus-rx.png
gnome-netstatus-tx.svg.png is converted to gnome-netstatus-tx.png
gnome-netstatus-txrx.svg.png is converted to gnome-netstatus-txrx.png
gnome-stock-trash-full.svg.png is converted to gnome-stock-trash-full.png
gpm-ac-adapter.svg.png is converted to gpm-ac-adapter.png
gpm-battery-000.svg.png is converted to gpm-battery-000.png
gpm-battery-000-charging.svg.png is converted to gpm-battery-000-charging.png
gpm-battery-020.svg.png is converted to gpm-battery-020.png
gpm-battery-020-charging.svg.png is converted to gpm-battery-020-charging.png
gpm-battery-040.svg.png is converted to gpm-battery-040.png
gpm-battery-040-charging.svg.png is converted to gpm-battery-040-charging.png
gpm-battery-060.svg.png is converted to gpm-battery-060.png
gpm-battery-060-charging.svg.png is converted to gpm-battery-060-charging.png
gpm-battery-080.svg.png is converted to gpm-battery-080.png
gpm-battery-080-charging.svg.png is converted to gpm-battery-080-charging.png
gpm-battery-100.svg.png is converted to gpm-battery-100.png
gpm-battery-100-charging.svg.png is converted to gpm-battery-100-charging.png
gpm-battery-charged.svg.png is converted to gpm-battery-charged.png
gpm-primary-000.svg.png is converted to gpm-primary-000.png
gpm-primary-000-charging.svg.png is converted to gpm-primary-000-charging.png
gpm-primary-020.svg.png is converted to gpm-primary-020.png
gpm-primary-020-charging.svg.png is converted to gpm-primary-020-charging.png
gpm-primary-040.svg.png is converted to gpm-primary-040.png
gpm-primary-040-charging.svg.png is converted to gpm-primary-040-charging.png
gpm-primary-060.svg.png is converted to gpm-primary-060.png
gpm-primary-060-charging.svg.png is converted to gpm-primary-060-charging.png
gpm-primary-080.svg.png is converted to gpm-primary-080.png
gpm-primary-080-charging.svg.png is converted to gpm-primary-080-charging.png
gpm-primary-100.svg.png is converted to gpm-primary-100.png
gpm-primary-100-charging.svg.png is converted to gpm-primary-100-charging.png
gpm-primary-charged.svg.png is converted to gpm-primary-charged.png
gpm-ups-000.svg.png is converted to gpm-ups-000.png
gpm-ups-000-charging.svg.png is converted to gpm-ups-000-charging.png
gpm-ups-020.svg.png is converted to gpm-ups-020.png
gpm-ups-020-charging.svg.png is converted to gpm-ups-020-charging.png
gpm-ups-040.svg.png is converted to gpm-ups-040.png
gpm-ups-040-charging.svg.png is converted to gpm-ups-040-charging.png
gpm-ups-060.svg.png is converted to gpm-ups-060.png
gpm-ups-060-charging.svg.png is converted to gpm-ups-060-charging.png
gpm-ups-080.svg.png is converted to gpm-ups-080.png
gpm-ups-080-charging.svg.png is converted to gpm-ups-080-charging.png
gpm-ups-100.svg.png is converted to gpm-ups-100.png
gpm-ups-100-charging.svg.png is converted to gpm-ups-100-charging.png
gtk-dialog-authentication.svg.png is converted to gtk-dialog-authentication.png
gtk-dialog-error.svg.png is converted to gtk-dialog-error.png
gtk-dialog-info.svg.png is converted to gtk-dialog-info.png
gtk-dialog-question.svg.png is converted to gtk-dialog-question.png
gtk-dialog-warning.svg.png is converted to gtk-dialog-warning.png
gtk-missing-image.svg.png is converted to gtk-missing-image.png
image-loading.svg.png is converted to image-loading.png
image-missing.svg.png is converted to image-missing.png
info.svg.png is converted to info.png
keyboard-brightness-symbolic.svg.png is converted to keyboard-brightness-symbolic.png
mail-attachment-symbolic.svg.png is converted to mail-attachment-symbolic.png
mail-read-symbolic.svg.png is converted to mail-read-symbolic.png
mail-unread-symbolic.svg.png is converted to mail-unread-symbolic.png
media-playlist-repeat-symbolic.svg.png is converted to media-playlist-repeat-symbolic.png
media-playlist-shuffle-symbolic.svg.png is converted to media-playlist-shuffle-symbolic.png
messagebox_critical.svg.png is converted to messagebox_critical.png
messagebox_info.svg.png is converted to messagebox_info.png
messagebox_warning.svg.png is converted to messagebox_warning.png
microphone-sensitivity-high-symbolic.svg.png is converted to microphone-sensitivity-high-symbolic.png
microphone-sensitivity-low-symbolic.svg.png is converted to microphone-sensitivity-low-symbolic.png
microphone-sensitivity-medium-symbolic.svg.png is converted to microphone-sensitivity-medium-symbolic.png
microphone-sensitivity-none-symbolic.svg.png is converted to microphone-sensitivity-none-symbolic.png
network-cellular-3g-symbolic.svg.png is converted to network-cellular-3g-symbolic.png
network-cellular-4g-symbolic.svg.png is converted to network-cellular-4g-symbolic.png
network-cellular-connected-symbolic.svg.png is converted to network-cellular-connected-symbolic.png
network-cellular-edge-symbolic.svg.png is converted to network-cellular-edge-symbolic.png
network-cellular-gprs-symbolic.svg.png is converted to network-cellular-gprs-symbolic.png
network-cellular-signal-acquiring-symbolic.svg.png is converted to network-cellular-signal-acquiring-symbolic.png
network-cellular-signal-excellent-symbolic.svg.png is converted to network-cellular-signal-excellent-symbolic.png
network-cellular-signal-good-symbolic.svg.png is converted to network-cellular-signal-good-symbolic.png
network-cellular-signal-none-symbolic.svg.png is converted to network-cellular-signal-none-symbolic.png
network-cellular-signal-ok-symbolic.svg.png is converted to network-cellular-signal-ok-symbolic.png
network-cellular-signal-weak-symbolic.svg.png is converted to network-cellular-signal-weak-symbolic.png
network-cellular-umts-symbolic.svg.png is converted to network-cellular-umts-symbolic.png
network-error.svg.png is converted to network-error.png
network-error-symbolic.svg.png is converted to network-error-symbolic.png
network-idle.svg.png is converted to network-idle.png
network-offline.svg.png is converted to network-offline.png
network-offline-symbolic.svg.png is converted to network-offline-symbolic.png
network-receive.svg.png is converted to network-receive.png
network-receive-symbolic.svg.png is converted to network-receive-symbolic.png
network-transmit.svg.png is converted to network-transmit.png
network-transmit-receive.svg.png is converted to network-transmit-receive.png
network-transmit-receive-symbolic.svg.png is converted to network-transmit-receive-symbolic.png
network-transmit-symbolic.svg.png is converted to network-transmit-symbolic.png
network-vpn-acquiring-symbolic.svg.png is converted to network-vpn-acquiring-symbolic.png
network-vpn-symbolic.svg.png is converted to network-vpn-symbolic.png
network-wired-acquiring-symbolic.svg.png is converted to network-wired-acquiring-symbolic.png
network-wired-disconnected-symbolic.svg.png is converted to network-wired-disconnected-symbolic.png
network-wired-symbolic.svg.png is converted to network-wired-symbolic.png
network-wireless-acquiring-symbolic.svg.png is converted to network-wireless-acquiring-symbolic.png
network-wireless-encrypted-symbolic.svg.png is converted to network-wireless-encrypted-symbolic.png
network-wireless-signal-excellent-symbolic.svg.png is converted to network-wireless-signal-excellent-symbolic.png
network-wireless-signal-good-symbolic.svg.png is converted to network-wireless-signal-good-symbolic.png
network-wireless-signal-none-symbolic.svg.png is converted to network-wireless-signal-none-symbolic.png
network-wireless-signal-ok-symbolic.svg.png is converted to network-wireless-signal-ok-symbolic.png
network-wireless-signal-weak-symbolic.svg.png is converted to network-wireless-signal-weak-symbolic.png
nm-adhoc.svg.png is converted to nm-adhoc.png
nm-device-wired.svg.png is converted to nm-device-wired.png
nm-device-wired-autoip.svg.png is converted to nm-device-wired-autoip.png
nm-device-wireless.svg.png is converted to nm-device-wireless.png
nm-device-wwan.svg.png is converted to nm-device-wwan.png
nm-no-connection.svg.png is converted to nm-no-connection.png
nm-signal-0.svg.png is converted to nm-signal-0.png
nm-signal-00.svg.png is converted to nm-signal-00.png
nm-signal-25.svg.png is converted to nm-signal-25.png
nm-signal-50.svg.png is converted to nm-signal-50.png
nm-signal-75.svg.png is converted to nm-signal-75.png
nm-signal-100.svg.png is converted to nm-signal-100.png
non-starred-symbolic.svg.png is converted to non-starred-symbolic.png
notification-audio-volume-high.svg.png is converted to notification-audio-volume-high.png
notification-audio-volume-low.svg.png is converted to notification-audio-volume-low.png
notification-audio-volume-medium.svg.png is converted to notification-audio-volume-medium.png
notification-audio-volume-muted.svg.png is converted to notification-audio-volume-muted.png
notification-audio-volume-off.svg.png is converted to notification-audio-volume-off.png
notification-battery-000.svg.png is converted to notification-battery-000.png
notification-battery-000-plugged.svg.png is converted to notification-battery-000-plugged.png
notification-battery-020.svg.png is converted to notification-battery-020.png
notification-battery-020-plugged.svg.png is converted to notification-battery-020-plugged.png
notification-battery-040.svg.png is converted to notification-battery-040.png
notification-battery-040-plugged.svg.png is converted to notification-battery-040-plugged.png
notification-battery-060.svg.png is converted to notification-battery-060.png
notification-battery-060-plugged.svg.png is converted to notification-battery-060-plugged.png
notification-battery-080.svg.png is converted to notification-battery-080.png
notification-battery-080-plugged.svg.png is converted to notification-battery-080-plugged.png
notification-battery-100.svg.png is converted to notification-battery-100.png
notification-battery-100-plugged.svg.png is converted to notification-battery-100-plugged.png
notification-battery-empty.svg.png is converted to notification-battery-empty.png
notification-battery-low.svg.png is converted to notification-battery-low.png
notification-gpm-battery-000.svg.png is converted to notification-gpm-battery-000.png
notification-gpm-battery-000-charging.svg.png is converted to notification-gpm-battery-000-charging.png
notification-gpm-battery-020.svg.png is converted to notification-gpm-battery-020.png
notification-gpm-battery-020-charging.svg.png is converted to notification-gpm-battery-020-charging.png
notification-gpm-battery-040.svg.png is converted to notification-gpm-battery-040.png
notification-gpm-battery-040-charging.svg.png is converted to notification-gpm-battery-040-charging.png
notification-gpm-battery-060.svg.png is converted to notification-gpm-battery-060.png
notification-gpm-battery-060-charging.svg.png is converted to notification-gpm-battery-060-charging.png
notification-gpm-battery-080.svg.png is converted to notification-gpm-battery-080.png
notification-gpm-battery-080-charging.svg.png is converted to notification-gpm-battery-080-charging.png
notification-gpm-battery-100.svg.png is converted to notification-gpm-battery-100.png
notification-gpm-battery-100-charging.svg.png is converted to notification-gpm-battery-100-charging.png
notification-gpm-battery-charged.svg.png is converted to notification-gpm-battery-charged.png
notification-gpm-battery-empty.svg.png is converted to notification-gpm-battery-empty.png
notification-gpm-ups-000.svg.png is converted to notification-gpm-ups-000.png
notification-gpm-ups-000-charging.svg.png is converted to notification-gpm-ups-000-charging.png
notification-gpm-ups-020.svg.png is converted to notification-gpm-ups-020.png
notification-gpm-ups-020-charging.svg.png is converted to notification-gpm-ups-020-charging.png
notification-gpm-ups-040.svg.png is converted to notification-gpm-ups-040.png
notification-gpm-ups-040-charging.svg.png is converted to notification-gpm-ups-040-charging.png
notification-gpm-ups-060.svg.png is converted to notification-gpm-ups-060.png
notification-gpm-ups-060-charging.svg.png is converted to notification-gpm-ups-060-charging.png
notification-gpm-ups-080.svg.png is converted to notification-gpm-ups-080.png
notification-gpm-ups-080-charging.svg.png is converted to notification-gpm-ups-080-charging.png
notification-gpm-ups-100.svg.png is converted to notification-gpm-ups-100.png
notification-gpm-ups-100-charging.svg.png is converted to notification-gpm-ups-100-charging.png
notification-gsm-full.svg.png is converted to notification-gsm-full.png
notification-gsm-high.svg.png is converted to notification-gsm-high.png
notification-gsm-low.svg.png is converted to notification-gsm-low.png
notification-gsm-medium.svg.png is converted to notification-gsm-medium.png
notification-gsm-none.svg.png is converted to notification-gsm-none.png
notification-message-email.svg.png is converted to notification-message-email.png
notification-network-disconnected.svg.png is converted to notification-network-disconnected.png
notification-network-ethernet-connected.svg.png is converted to notification-network-ethernet-connected.png
notification-network-ethernet-disconnected.svg.png is converted to notification-network-ethernet-disconnected.png
notification-network-wireless-disconnected.svg.png is converted to notification-network-wireless-disconnected.png
notification-network-wireless-full.svg.png is converted to notification-network-wireless-full.png
notification-network-wireless-high.svg.png is converted to notification-network-wireless-high.png
notification-network-wireless-low.svg.png is converted to notification-network-wireless-low.png
notification-network-wireless-medium.svg.png is converted to notification-network-wireless-medium.png
notification-network-wireless-none.svg.png is converted to notification-network-wireless-none.png
printer-error.svg.png is converted to printer-error.png
printer-error-symbolic.svg.png is converted to printer-error-symbolic.png
printer-printing.svg.png is converted to printer-printing.png
printer-printing-symbolic.svg.png is converted to printer-printing-symbolic.png
printer-warning-symbolic.svg.png is converted to printer-warning-symbolic.png
security-high-symbolic.svg.png is converted to security-high-symbolic.png
security-low-symbolic.svg.png is converted to security-low-symbolic.png
security-medium-symbolic.svg.png is converted to security-medium-symbolic.png
skype_away.svg.png is converted to skype_away.png
skype_dnd.svg.png is converted to skype_dnd.png
skype_invisible.svg.png is converted to skype_invisible.png
skype_na.svg.png is converted to skype_na.png
skype_offline.svg.png is converted to skype_offline.png
skype_online.svg.png is converted to skype_online.png
skype_skypeme.svg.png is converted to skype_skypeme.png
software-update-available-symbolic.svg.png is converted to software-update-available-symbolic.png
software-update-urgent-symbolic.svg.png is converted to software-update-urgent-symbolic.png
starred-symbolic.svg.png is converted to starred-symbolic.png
stock_appointment-reminder.svg.png is converted to stock_appointment-reminder.png
stock_dialog-error.svg.png is converted to stock_dialog-error.png
stock_dialog-info.svg.png is converted to stock_dialog-info.png
stock_dialog-question.svg.png is converted to stock_dialog-question.png
stock_dialog-warning.svg.png is converted to stock_dialog-warning.png
stock_trash_full.svg.png is converted to stock_trash_full.png
stock_volume.svg.png is converted to stock_volume.png
stock_volume-0.svg.png is converted to stock_volume-0.png
stock_volume-max.svg.png is converted to stock_volume-max.png
stock_volume-med.svg.png is converted to stock_volume-med.png
stock_volume-min.svg.png is converted to stock_volume-min.png
stock_volume-mute.svg.png is converted to stock_volume-mute.png
stock_weather-night-clear.svg.png is converted to stock_weather-night-clear.png
stock_weather-sunny.svg.png is converted to stock_weather-sunny.png
sunny.svg.png is converted to sunny.png
trashcan_full.svg.png is converted to trashcan_full.png
user-available-symbolic.svg.png is converted to user-available-symbolic.png
user-away-symbolic.svg.png is converted to user-away-symbolic.png
user-busy-symbolic.svg.png is converted to user-busy-symbolic.png
user-idle-symbolic.svg.png is converted to user-idle-symbolic.png
user-invisible-symbolic.svg.png is converted to user-invisible-symbolic.png
user-offline-symbolic.svg.png is converted to user-offline-symbolic.png
user-trash-full.svg.png is converted to user-trash-full.png
weather-clear.svg.png is converted to weather-clear.png
weather-clear-night.svg.png is converted to weather-clear-night.png
weather-clear-night-000.svg.png is converted to weather-clear-night-000.png
weather-clear-night-010.svg.png is converted to weather-clear-night-010.png
weather-clear-night-020.svg.png is converted to weather-clear-night-020.png
weather-clear-night-030.svg.png is converted to weather-clear-night-030.png
weather-clear-night-040.svg.png is converted to weather-clear-night-040.png
weather-clear-night-050.svg.png is converted to weather-clear-night-050.png
weather-clear-night-060.svg.png is converted to weather-clear-night-060.png
weather-clear-night-070.svg.png is converted to weather-clear-night-070.png
weather-clear-night-080.svg.png is converted to weather-clear-night-080.png
weather-clear-night-090.svg.png is converted to weather-clear-night-090.png
weather-clear-night-100.svg.png is converted to weather-clear-night-100.png
weather-clear-night-110.svg.png is converted to weather-clear-night-110.png
weather-clear-night-120.svg.png is converted to weather-clear-night-120.png
weather-clear-night-130.svg.png is converted to weather-clear-night-130.png
weather-clear-night-140.svg.png is converted to weather-clear-night-140.png
weather-clear-night-150.svg.png is converted to weather-clear-night-150.png
weather-clear-night-160.svg.png is converted to weather-clear-night-160.png
weather-clear-night-170.svg.png is converted to weather-clear-night-170.png
weather-clear-night-180.svg.png is converted to weather-clear-night-180.png
weather-clear-night-190.svg.png is converted to weather-clear-night-190.png
weather-clear-night-200.svg.png is converted to weather-clear-night-200.png
weather-clear-night-210.svg.png is converted to weather-clear-night-210.png
weather-clear-night-220.svg.png is converted to weather-clear-night-220.png
weather-clear-night-230.svg.png is converted to weather-clear-night-230.png
weather-clear-night-240.svg.png is converted to weather-clear-night-240.png
weather-clear-night-250.svg.png is converted to weather-clear-night-250.png
weather-clear-night-260.svg.png is converted to weather-clear-night-260.png
weather-clear-night-270.svg.png is converted to weather-clear-night-270.png
weather-clear-night-280.svg.png is converted to weather-clear-night-280.png
weather-clear-night-290.svg.png is converted to weather-clear-night-290.png
weather-clear-night-300.svg.png is converted to weather-clear-night-300.png
weather-clear-night-310.svg.png is converted to weather-clear-night-310.png
weather-clear-night-320.svg.png is converted to weather-clear-night-320.png
weather-clear-night-330.svg.png is converted to weather-clear-night-330.png
weather-clear-night-340.svg.png is converted to weather-clear-night-340.png
weather-clear-night-350.svg.png is converted to weather-clear-night-350.png
weather-clear-night-symbolic.svg.png is converted to weather-clear-night-symbolic.png
weather-clear-symbolic.svg.png is converted to weather-clear-symbolic.png
weather-clouds.svg.png is converted to weather-clouds.png
weather-clouds-night.svg.png is converted to weather-clouds-night.png
weather-clouds-night-symbolic.svg.png is converted to weather-clouds-night-symbolic.png
weather-clouds-symbolic.svg.png is converted to weather-clouds-symbolic.png
weather-few-clouds.svg.png is converted to weather-few-clouds.png
weather-few-clouds-night.svg.png is converted to weather-few-clouds-night.png
weather-few-clouds-night-symbolic.svg.png is converted to weather-few-clouds-night-symbolic.png
weather-few-clouds-symbolic.svg.png is converted to weather-few-clouds-symbolic.png
weather-fog.svg.png is converted to weather-fog.png
weather-fog-symbolic.svg.png is converted to weather-fog-symbolic.png
weather-overcast.svg.png is converted to weather-overcast.png
weather-overcast-symbolic.svg.png is converted to weather-overcast-symbolic.png
weather-severe-alert.svg.png is converted to weather-severe-alert.png
weather-severe-alert-symbolic.svg.png is converted to weather-severe-alert-symbolic.png
weather-showers.svg.png is converted to weather-showers.png
weather-showers-scattered.svg.png is converted to weather-showers-scattered.png
weather-showers-scattered-symbolic.svg.png is converted to weather-showers-scattered-symbolic.png
weather-showers-symbolic.svg.png is converted to weather-showers-symbolic.png
weather-snow.svg.png is converted to weather-snow.png
weather-snow-symbolic.svg.png is converted to weather-snow-symbolic.png
weather-storm.svg.png is converted to weather-storm.png
weather-storm-symbolic.svg.png is converted to weather-storm-symbolic.png
xfce4-mixer-muted.svg.png is converted to xfce4-mixer-muted.png
xfce4-mixer-no-muted.svg.png is converted to xfce4-mixer-no-muted.png
xfce4-mixer-volume-high.svg.png is converted to xfce4-mixer-volume-high.png
xfce4-mixer-volume-low.svg.png is converted to xfce4-mixer-volume-low.png
xfce4-mixer-volume-low-medium.svg.png is converted to xfce4-mixer-volume-low-medium.png
xfce4-mixer-volume-medium.svg.png is converted to xfce4-mixer-volume-medium.png
xfce4-mixer-volume-muted.svg.png is converted to xfce4-mixer-volume-muted.png
xfce4-mixer-volume-ultra-low.svg.png is converted to xfce4-mixer-volume-ultra-low.png
xfce4-mixer-volume-very-high.svg.png is converted to xfce4-mixer-volume-very-high.png
xfce4-notifyd.svg.png is converted to xfce4-notifyd.png
xfce4-weather.svg.png is converted to xfce4-weather.png
xfce-trash-full.svg.png is converted to xfce-trash-full.png
xfm-battery-000.svg.png is converted to xfm-battery-000.png
xfpm-ac-adapter.svg.png is converted to xfpm-ac-adapter.png
xfpm-battery-000-charging.svg.png is converted to xfpm-battery-000-charging.png
xfpm-battery-020.svg.png is converted to xfpm-battery-020.png
xfpm-battery-020-charging.svg.png is converted to xfpm-battery-020-charging.png
xfpm-battery-040.svg.png is converted to xfpm-battery-040.png
xfpm-battery-040-charging.svg.png is converted to xfpm-battery-040-charging.png
xfpm-battery-060.svg.png is converted to xfpm-battery-060.png
xfpm-battery-060-charging.svg.png is converted to xfpm-battery-060-charging.png
xfpm-battery-080.svg.png is converted to xfpm-battery-080.png
xfpm-battery-080-charging.svg.png is converted to xfpm-battery-080-charging.png
xfpm-battery-100.svg.png is converted to xfpm-battery-100.png
xfpm-battery-100-charging.svg.png is converted to xfpm-battery-100-charging.png
xfpm-battery-charged.svg.png is converted to xfpm-battery-charged.png
xfpm-primary-000.svg.png is converted to xfpm-primary-000.png
xfpm-primary-000-charging.svg.png is converted to xfpm-primary-000-charging.png
xfpm-primary-020.svg.png is converted to xfpm-primary-020.png
xfpm-primary-020-charging.svg.png is converted to xfpm-primary-020-charging.png
xfpm-primary-040.svg.png is converted to xfpm-primary-040.png
xfpm-primary-040-charging.svg.png is converted to xfpm-primary-040-charging.png
xfpm-primary-060.svg.png is converted to xfpm-primary-060.png
xfpm-primary-060-charging.svg.png is converted to xfpm-primary-060-charging.png
xfpm-primary-080.svg.png is converted to xfpm-primary-080.png
xfpm-primary-080-charging.svg.png is converted to xfpm-primary-080-charging.png
xfpm-primary-100.svg.png is converted to xfpm-primary-100.png
xfpm-primary-100-charging.svg.png is converted to xfpm-primary-100-charging.png
xfpm-primary-charged.svg.png is converted to xfpm-primary-charged.png
